<?xml version="1.0" encoding="UTF-8"?>
<con:soapui-project id="987fca53-4380-40fa-a275-c599c9e3e886" activeEnvironment="Default" name="kovar-assignment-5.3" resourceRoot="" soapui-version="5.5.0" xmlns:con="http://eviware.com/soapui/config"><con:settings/><con:interface xsi:type="con:RestService" id="cddfde4b-bdc8-46a3-a172-57d82fe85f1a" wadlVersion="http://wadl.dev.java.net/2009/02" name="https://www.who-hosts-this.com" type="rest" xmlns:xsi="http://www.w3.org/2001/XMLSchema-instance"><con:settings/><con:definitionCache/><con:endpoints><con:endpoint>https://www.who-hosts-this.com</con:endpoint></con:endpoints><con:resource name="Detect" path="/APIEndpoint/Detect" id="bcd60eeb-ac2d-4d9f-a5d7-8dceda212ca6"><con:settings/><con:parameters><con:parameter><con:name>url</con:name><con:value/><con:style>QUERY</con:style><con:default/><con:description xsi:nil="true"/></con:parameter><con:parameter><con:name>key</con:name><con:value/><con:style>QUERY</con:style><con:default/><con:description xsi:nil="true"/></con:parameter></con:parameters><con:method name="Detect 1" id="de28cae4-d0de-4231-9455-d94117bf2945" method="GET"><con:settings/><con:parameters/><con:representation type="RESPONSE"><con:mediaType>application/json</con:mediaType><con:status>200</con:status><con:params/><con:element xmlns:det="https://www.who-hosts-this.com/APIEndpoint/Detect">det:Response</con:element></con:representation><con:request name="Request 1" id="ac3860ac-4a16-4182-a6ee-fb48f8c608c7" mediaType="application/json"><con:settings><con:setting id="com.eviware.soapui.impl.wsdl.WsdlRequest@request-headers">&lt;xml-fragment/></con:setting></con:settings><con:endpoint>https://www.who-hosts-this.com</con:endpoint><con:request/><con:originalUri>https://www.who-hosts-this.com/APIEndpoint/Detect</con:originalUri><con:credentials><con:authType>No Authorization</con:authType></con:credentials><con:jmsConfig JMSDeliveryMode="PERSISTENT"/><con:jmsPropertyConfig/><con:parameters>
  <con:entry key="url" value="https://www.bellevue.edu/"/>
  <con:entry key="key" value="4928caa5213b113fffa7a20782f4f2dfa631094202a322c2b801808902017cfdee05eb"/>
</con:parameters><con:parameterOrder><con:entry>url</con:entry><con:entry>key</con:entry></con:parameterOrder></con:request></con:method></con:resource></con:interface><con:properties/><con:wssContainer/><con:oAuth2ProfileContainer/><con:oAuth1ProfileContainer/></con:soapui-project>