<?xml version="1.0" encoding="UTF-8"?>
<con:soapui-project id="af9940fe-8c63-4714-b799-10da4c5d0094" activeEnvironment="Default" name="Kovar API Gateway - Prod" resourceRoot="" soapui-version="5.5.0" xmlns:con="http://eviware.com/soapui/config"><con:settings/><con:interface xsi:type="con:RestService" id="5875bdd6-e44f-46d3-9fdc-a63559ffd9dd" wadlVersion="http://wadl.dev.java.net/2009/02" name="https://kovar-api-gateway.herokuapp.com" type="rest" xmlns:xsi="http://www.w3.org/2001/XMLSchema-instance"><con:settings/><con:definitionCache/><con:endpoints><con:endpoint>https://kovar-api-gateway.herokuapp.com</con:endpoint></con:endpoints><con:resource name="register" path="/api/auth/register" id="737b009e-5b45-4cf1-9764-8a99f6905132"><con:settings/><con:parameters/><con:method name="Method 1" id="5c1dffb0-0fda-4778-9593-4641c9b3ce69" method="POST"><con:settings/><con:parameters/><con:representation type="RESPONSE"><con:mediaType>application/json; charset=utf-8</con:mediaType><con:status>200</con:status><con:params/><con:element xmlns:reg="https://kovar-api-gateway.herokuapp.com/api/auth/register">reg:Response</con:element></con:representation><con:representation type="REQUEST"><con:mediaType>application/x-www-form-urlencoded</con:mediaType><con:params/></con:representation><con:request name="Request 1" id="ef4fe78a-fa39-4839-8a34-04f7039adaad" mediaType="application/x-www-form-urlencoded" postQueryString="false"><con:settings><con:setting id="com.eviware.soapui.impl.wsdl.WsdlRequest@request-headers">&lt;xml-fragment/></con:setting></con:settings><con:endpoint>https://kovar-api-gateway.herokuapp.com</con:endpoint><con:request>grant_type=password&amp;username=uatuser&amp;password=uat123&amp;email=skovar@my365.bellevue.edu</con:request><con:originalUri>https://kovar-api-gateway.herokuapp.com/api/auth/register</con:originalUri><con:credentials><con:authType>No Authorization</con:authType></con:credentials><con:jmsConfig JMSDeliveryMode="PERSISTENT"/><con:jmsPropertyConfig/><con:parameters/></con:request></con:method></con:resource><con:resource name="token" path="/api/auth/token" id="8e88c7d2-77aa-487b-b913-215afba39288"><con:settings/><con:parameters/><con:method name="Method 1" id="4ad7987e-a60a-4785-a3b8-84370bc5d841" method="GET"><con:settings/><con:parameters/><con:representation type="RESPONSE"><con:mediaType>application/json; charset=utf-8</con:mediaType><con:status>200</con:status><con:params/><con:element xmlns:tok="https://kovar-api-gateway.herokuapp.com/api/auth/token">tok:Response</con:element></con:representation><con:request name="Request 1" id="c25f7942-415c-45f3-acb6-dc49463faef6" mediaType="application/json"><con:settings><con:setting id="com.eviware.soapui.impl.wsdl.WsdlRequest@request-headers">&lt;entry key="x-access-token" value="eyJhbGciOiJIUzI1NiIsInR5cCI6IkpXVCJ9.eyJpZCI6IjVlZjkwMzEwMDE1MGFlMDAxN2ZmMzI2NyIsImlhdCI6MTU5MzM3NzU1MiwiZXhwIjoxNTkzNDYzOTUyfQ.PX0CO28rD3gFkzJaqW_edZyza9Nkfg41DJly3ERqEMA" xmlns="http://eviware.com/soapui/config"/></con:setting></con:settings><con:endpoint>https://kovar-api-gateway.herokuapp.com</con:endpoint><con:request/><con:originalUri>https://kovar-api-gateway.herokuapp.com/api/auth/token</con:originalUri><con:credentials><con:authType>No Authorization</con:authType></con:credentials><con:jmsConfig JMSDeliveryMode="PERSISTENT"/><con:jmsPropertyConfig/><con:parameters/></con:request></con:method></con:resource><con:resource name="login" path="/api/auth/login" id="56be7650-3ddd-4a30-b098-1da00d610d2e"><con:settings/><con:parameters/><con:method name="Method 1" id="c6ec88fa-3d92-4987-8c35-a583d78a908c" method="POST"><con:settings/><con:parameters/><con:representation type="RESPONSE"><con:mediaType>application/json; charset=utf-8</con:mediaType><con:status>200</con:status><con:params/><con:element xmlns:log="https://kovar-api-gateway.herokuapp.com/api/auth/login">log:Response</con:element></con:representation><con:representation type="REQUEST"><con:mediaType>application/x-www-form-urlencoded</con:mediaType><con:params/></con:representation><con:request name="Request 1" id="02a54d25-6015-42ac-8eaf-24bc20b7ece0" mediaType="application/x-www-form-urlencoded" postQueryString="false"><con:settings><con:setting id="com.eviware.soapui.impl.wsdl.WsdlRequest@request-headers">&lt;xml-fragment/></con:setting></con:settings><con:endpoint>https://kovar-api-gateway.herokuapp.com</con:endpoint><con:request>grant_type=password&amp;username=uatuser&amp;password=uat123&amp;email=skovar@my365.bellevue.edu</con:request><con:originalUri>https://kovar-api-gateway.herokuapp.com/api/auth/login</con:originalUri><con:credentials><con:authType>No Authorization</con:authType></con:credentials><con:jmsConfig JMSDeliveryMode="PERSISTENT"/><con:jmsPropertyConfig/><con:parameters/></con:request></con:method></con:resource><con:resource name="logout" path="/api/auth/logout" id="23aaaa0f-9875-4647-a295-2025a4f9f45b"><con:settings/><con:parameters/><con:method name="Method 1" id="01d0b8b0-08e1-46e1-ab2b-91e97226b32b" method="GET"><con:settings/><con:parameters/><con:representation type="RESPONSE"><con:mediaType>application/json; charset=utf-8</con:mediaType><con:status>200</con:status><con:params/><con:element xmlns:log="https://kovar-api-gateway.herokuapp.com/api/auth/logout">log:Response</con:element></con:representation><con:request name="Request 1" id="1541ab56-84c8-4a6e-932a-81c3c16a87fd" mediaType="application/json"><con:settings><con:setting id="com.eviware.soapui.impl.wsdl.WsdlRequest@request-headers">&lt;xml-fragment/></con:setting></con:settings><con:endpoint>https://kovar-api-gateway.herokuapp.com</con:endpoint><con:request/><con:originalUri>https://kovar-api-gateway.herokuapp.com/api/auth/logout</con:originalUri><con:credentials><con:authType>No Authorization</con:authType></con:credentials><con:jmsConfig JMSDeliveryMode="PERSISTENT"/><con:jmsPropertyConfig/><con:parameters/></con:request></con:method></con:resource></con:interface><con:properties/><con:wssContainer/><con:oAuth2ProfileContainer/><con:oAuth1ProfileContainer/><con:sensitiveInformation/></con:soapui-project>