<?xml version="1.0" encoding="UTF-8"?>
<con:soapui-project id="368053cd-4e9e-4b77-bc18-01cf3cda8b79" activeEnvironment="Default" name="API Gateway" resourceRoot="" soapui-version="5.5.0" xmlns:con="http://eviware.com/soapui/config"><con:settings/><con:interface xsi:type="con:RestService" id="d68fa16c-8d42-4c2d-a108-eed44a682ce9" wadlVersion="http://wadl.dev.java.net/2009/02" name="http://localhost3000" type="rest" xmlns:xsi="http://www.w3.org/2001/XMLSchema-instance"><con:settings/><con:definitionCache/><con:endpoints><con:endpoint>http://localhost3000</con:endpoint></con:endpoints><con:resource name="" path="" id="a7248b0e-08ae-445d-afa0-af5565d0015c"><con:settings/><con:parameters/><con:resource name="register" path="/api/auth/register" id="d5f549c7-fb21-497c-9284-5e43c1e35dd2"><con:settings/><con:parameters/><con:method name="Method 1" id="3a68cfa0-d4e1-4e5f-9079-9316dab10190" method="POST"><con:settings/><con:parameters/><con:representation type="RESPONSE"><con:mediaType xsi:nil="true"/><con:status>0</con:status><con:params/><con:element>data</con:element></con:representation><con:representation type="REQUEST"><con:mediaType>application/x-www-form-urlencoded</con:mediaType><con:params/></con:representation><con:representation type="RESPONSE"><con:mediaType xsi:nil="true"/><con:status>0</con:status><con:params/><con:element>data</con:element></con:representation><con:request name="Request 1" id="acf0d413-36fd-492f-8c11-d414130179f3" mediaType="application/x-www-form-urlencoded" postQueryString="false"><con:settings><con:setting id="com.eviware.soapui.impl.wsdl.WsdlRequest@request-headers">&lt;xml-fragment/></con:setting></con:settings><con:endpoint>http://localhost3000</con:endpoint><con:request>grant_type=password&amp;username=test&amp;password=test&amp;email=testemail@test.com</con:request><con:originalUri>http://localhost/</con:originalUri><con:credentials><con:authType>No Authorization</con:authType></con:credentials><con:jmsConfig JMSDeliveryMode="PERSISTENT"/><con:jmsPropertyConfig/><con:parameters/></con:request></con:method></con:resource></con:resource></con:interface><con:properties/><con:wssContainer/><con:oAuth2ProfileContainer/><con:oAuth1ProfileContainer/><con:sensitiveInformation/></con:soapui-project>